{"cameraMode":{"drawMode":0,"name":"Shaded","section":"Shading Mode"},"sceneLighting":true,"audioPlay":false,"sceneViewState":{"m_AlwaysRefresh":false,"showFog":true,"showSkybox":true,"showFlares":true,"showImageEffects":true,"showParticleSystems":true,"showVisualEffectGraphs":true,"m_FxEnabled":true},"in2DMode":false,"pivot":{"x":-3.2104289531707765,"y":1.5713765621185303,"z":-1.2285741567611695},"rotation":{"x":-0.2246788591146469,"y":-0.31066614389419558,"z":0.07583117485046387,"w":-0.9204720258712769},"size":10.692811965942383,"orthographic":false}